[
  {"name":"AL","code":"Alabama"},
  {"name":"AK","code":"Alaska"},
  {"name":"AS","code":"American Samoa"},
  {"name":"AZ","code":"Arizona"},
  {"name":"AR","code":"Arkansas"},
  {"name":"CA","code":"California"},
  {"name":"CO","code":"Colorado"},
  {"name":"CT","code":"Connecticut"},
  {"name":"DE","code":"Delaware"},
  {"name":"DC","code":"District Of Columbia"},
  {"name":"FM","code":"Federated States Of Micronesia"},
  {"name":"FL","code":"Florida"},
  {"name":"GA","code":"Georgia"},
  {"name":"GU","code":"Guam"},
  {"name":"HI","code":"Hawaii"},
  {"name":"ID","code":"Idaho"},
  {"name":"IL","code":"Illinois"},
  {"name":"IN","code":"Indiana"},
  {"name":"IA","code":"Iowa"},
  {"name":"KS","code":"Kansas"},
  {"name":"KY","code":"Kentucky"},
  {"name":"LA","code":"Louisiana"},
  {"name":"ME","code":"Maine"},
  {"name":"MH","code":"Marshall Islands"},
  {"name":"MD","code":"Maryland"},
  {"name":"MA","code":"Massachusetts"},
  {"name":"MI","code":"Michigan"},
  {"name":"MN","code":"Minnesota"},
  {"name":"MS","code":"Mississippi"},
  {"name":"MO","code":"Missouri"},
  {"name":"MT","code":"Montana"},
  {"name":"NE","code":"Nebraska"},
  {"name":"NV","code":"Nevada"},
  {"name":"NH","code":"New Hampshire"},
  {"name":"NJ","code":"New Jersey"},
  {"name":"NM","code":"New Mexico"},
  {"name":"NY","code":"New York"},
  {"name":"NC","code":"North Carolina"},
  {"name":"ND","code":"North Dakota"},
  {"name":"MP","code":"Northern Mariana Islands"},
  {"name":"OH","code":"Oklahoma"},
  {"name":"OK","code":"Ohio"},
  {"name":"OR","code":"Oregon"},
  {"name":"PW","code":"Palau"},
  {"name":"PA","code":"Pennsylvania"},
  {"name":"PR","code":"Puerto Rico"},
  {"name":"RI","code":"Rhode Island"},
  {"name":"SC","code":"South Carolina"},
  {"name":"SD","code":"South Dakota"},
  {"name":"TN","code":"Tennessee"},
  {"name":"TX","code":"Texas"},
  {"name":"UT","code":"Utah"},
  {"name":"VI","code":"Vermont"},
  {"name":"VI","code":"Virgin Islands"},
  {"name":"VA","code":"Virginia"},
  {"name":"WA","code":"Washington"},
  {"name":"WV","code":"West Virginia"},
  {"name":"WI","code":"Wisconsin"},
  {"name":"WY","code":"Wyoming"},
]
