[
  {

    "heading": "true"
  },
  {
    "text": "Open Projects",
    "sref": "app.mylist",
    "icon": "fa fa-tachometer"
  },
  {
    "text": "My-Projects",

    "icon": "fa fa-user",

    "submenu":[
      {
        "text" : "All",
        "sref": "app.allpmproject"
      },
      {
        "text" : "Accepted",
        "sref": "app.acceptedProject"
      },
      {
        "text": "In-Progress",
        "sref": "app.progress"

      },
      {
        "text": "Completed",
        "sref": "app.pmcompleted"

      }
    ]
  },
  {
    "text": "Chat",
    "icon": "fa fa-cog",
    "sref": "app.chatPm"


  }
]
